"","from","to","length","directed"
"1","1","2",0.944535195827484,TRUE
"2","2","2-G2Ma",0.835933029651642,TRUE
"3","2","3",0.744985342025757,TRUE
"4","2-G2Ma","2-G2Mb",0.00841817855834961,TRUE
"5","2-G2Mb","2",0.00841817855834961,TRUE
