"","from","to","length","directed"
"1","1","5",0.51139885187149,TRUE
"2","2","4",0.492569357156754,TRUE
"3","3","1",0.542133867740631,TRUE
"4","4","1",0.481155872344971,TRUE
