"","from","to","length","directed"
"1","1","2",8.21917757522063,TRUE
"2","2","3",3.62189045700178,TRUE
"3","3","4",2.63126516207196,TRUE
