"","from","to","length","directed"
"1","3","2",3.62189045700181,TRUE
"2","2","1",8.21917757522063,TRUE
"3","3","4",2.63126516207197,TRUE
