"","from","to","length","directed"
"1","Y_9","Y_123",0.218150434491081,FALSE
"2","Y_33","Y_154",12.8842682168915,FALSE
"3","Y_62","Y_154",16.2864966547136,FALSE
"4","Y_19","Y_90",4.75473918220162,FALSE
"5","Y_90","Y_154",4.11012193012431,FALSE
"6","Y_19","Y_150",2.14984704646074,FALSE
"7","Y_19","Y_77",4.87195639949968,FALSE
"8","Y_9","Y_33",3.40407735769284,FALSE
"9","Y_9","Y_28",1.19719511171298,FALSE
"10","Y_3","Y_33",0.892044153282941,FALSE
"11","Y_2","Y_90",1.03336849828849,FALSE
