"","from","to","length","directed"
"1","1","9",0.446415901184082,TRUE
"2","2","10",0.16727751493454,TRUE
"3","3","7",0.139307677745819,TRUE
"4","4","7",0.377012491226196,TRUE
"5","5","11",0.155635595321655,TRUE
"6","6","2",0.14005970954895,TRUE
"7","7","5",0.102823734283447,TRUE
"8","7","6",0.238173425197601,TRUE
"9","8","1",0.172848120331764,TRUE
"10","1","5",0.780960381031036,TRUE
"11","9","12",0.0844267904758453,TRUE
