"","from","to","length","directed"
"1","1","2",0.861117720603943,TRUE
"2","2","5",0.133979022502899,TRUE
"3","3","1",0.508668720722198,TRUE
"4","4","2",0.328276336193085,TRUE
"5","1","4",0.482653021812439,TRUE
"6","4","6",0.157550036907196,TRUE
