"","from","to","length","directed"
"1","5","4",9.99368916288533,TRUE
"2","4","3",15.3032943847959,TRUE
"3","3","6",7.95617637863711,TRUE
"4","6","2",11.3789522757112,TRUE
"5","3","1",19.4147093112123,TRUE
