"","from","to","length","directed"
"1","2","6",11.3789522757112,TRUE
"2","6","3",7.9561763786371,TRUE
"3","3","4",15.3032943847959,TRUE
"4","4","5",9.99368916288532,TRUE
"5","3","1",19.4147093112122,TRUE
