"","from","to","length","directed"
"1","1","1-b_cellsa",0.885410070419312,TRUE
"2","2","2-cd14_monocytesa",0.87067449092865,TRUE
"3","3","3-cd56_nka",0.974236369132996,TRUE
"4","1-b_cellsa","1-b_cellsb",0.00910106976826986,TRUE
"5","1-b_cellsb","1",0.00910106976826986,TRUE
"6","2-cd14_monocytesa","2-cd14_monocytesb",0.00910106976826986,TRUE
"7","2-cd14_monocytesb","2",0.00910106976826986,TRUE
"8","3-cd56_nka","3-cd56_nkb",0.00910106976826986,TRUE
"9","3-cd56_nkb","3",0.00910106976826986,TRUE
