"","from","to","length","directed"
"1","1","2",2.74720712846055,TRUE
"2","2","4",54.7335416393118,TRUE
"3","1","3",45.9322837800849,TRUE
