"","from","to","length","directed"
"1","3","1",45.9314602043956,TRUE
"2","1","2",2.74720715715897,TRUE
"3","2","4",54.7331151879929,TRUE
