"","from","to","length","directed"
"1","1","2",2.74720712846056,TRUE
"2","2","4",54.7335416393118,TRUE
"3","1","3",45.932283780085,TRUE
