"","from","to","length","directed"
"1","1","4",0.269393801689148,TRUE
"2","2","1",0.394043833017349,TRUE
"3","3","5",0.648442387580872,TRUE
