"","from","to","length","directed"
"1","1","8",0.0707539543509483,TRUE
"2","2","5",0.108684033155441,TRUE
"3","3","6",0.079423651099205,TRUE
"4","4","12",0.0815316140651703,TRUE
"5","5","13",0.671015977859497,TRUE
"6","6","10",0.0784262269735336,TRUE
"7","7","4",0.0738986134529114,TRUE
"8","8","3",0.073689229786396,TRUE
"9","9","7",0.0887417197227478,TRUE
"10","10","9",0.0777949839830399,TRUE
"11","11","2",0.19345685839653,TRUE
"12","8","11",0.198091059923172,TRUE
