"","from","to","length","directed"
"1","1","3",15.4897993801337,TRUE
"2","3","4",16.2401727013984,TRUE
"3","4","7",17.7873675002523,TRUE
"4","7","5",7.01302385493064,TRUE
"5","5","6",13.3179695473678,TRUE
"6","6","2",19.0755405571085,TRUE
