"","from","to","length","directed"
"1","2","6",19.0755405571085,TRUE
"2","6","5",13.3179695473678,TRUE
"3","5","7",7.01302385493063,TRUE
"4","7","4",17.7873675002524,TRUE
"5","4","3",16.2401727013984,TRUE
"6","3","1",15.4897993801337,TRUE
