"","from","to","length","directed"
"1","Y_27","Y_35",9.54983408011414,FALSE
"2","Y_3","Y_40",0.706758277293278,FALSE
"3","Y_21","Y_35",3.68005928420171,FALSE
"4","Y_35","Y_40",2.70536102431665,FALSE
"5","Y_34","Y_40",0.865932251409227,FALSE
"6","Y_44","Y_47",3.54317425295746,FALSE
"7","Y_59","Y_62",2.75557333596444,FALSE
"8","Y_76","Y_77",0.33285892337865,FALSE
"9","Y_76","Y_84",0.507508575964303,FALSE
"10","Y_76","Y_80",0.115186463061549,FALSE
"11","Y_95","Y_100",0.739890803515468,FALSE
