"","from","to","length","directed"
"1","1","6",0.170632690191269,TRUE
"2","2","1",0.0994518473744392,TRUE
"3","1","3",0.144264355301857,TRUE
"4","3","4",0.191279530525208,TRUE
"5","3","5",0.101198419928551,TRUE
"6","4","7",0.711160957813263,TRUE
"7","5","8",0.8069908618927,TRUE
