"","from","to","length","directed"
"1","1","9",0.0630727857351303,TRUE
"2","2","1",0.0727106183767319,TRUE
"3","3","10",0.0463724136352539,TRUE
"4","4","7",0.136174023151398,TRUE
"5","1","5",0.0347992330789566,TRUE
"6","3","6",0.50920581817627,TRUE
"7","5","8",0.515118718147278,TRUE
"8","2","11",0.0830626785755157,TRUE
"9","5","3",0.0686615109443665,TRUE
"10","6","12",0.130739629268646,TRUE
"11","7","2",0.102802507579327,TRUE
"12","8","13",0.137074649333954,TRUE
