"","from","to","length","directed"
"1","3","2",18.8189133493341,TRUE
"2","2","1",26.1385307493796,TRUE
"3","1","4",65.4265708825134,TRUE
