"","from","to","length","directed"
"1","1","2",26.1385307493796,TRUE
"2","2","3",18.8189133493337,TRUE
"3","1","4",65.4265708825132,TRUE
