"","from","to","length","directed"
"1","1","4",0.256846070289612,TRUE
"2","2","1",0.239184573292732,TRUE
"3","1","3",0.766408920288086,TRUE
"4","3","5",0.329709827899933,TRUE
