"","from","to","length","directed"
"1","1","9",0.280725359916687,TRUE
"2","2","6",0.161006242036819,TRUE
"3","3","5",0.14116895198822,TRUE
"4","4","7",0.11696083843708,TRUE
"5","5","4",0.0677169114351273,TRUE
"6","6","1",0.431050002574921,TRUE
"7","7","2",0.104478716850281,TRUE
"8","8","3",0.0884881019592285,TRUE
