"","from","to","length","directed"
"1","3","2",30.1152275890029,TRUE
"2","2","5",8.30241974787312,TRUE
"3","5","1",14.2205633471222,TRUE
"4","1","4",12.3228626233677,TRUE
