"","from","to","length","directed"
"1","4","1",12.3228626233676,TRUE
"2","1","5",14.2205633471222,TRUE
"3","5","2",8.30241974787307,TRUE
"4","2","3",30.1152275890029,TRUE
