"","from","to","length","directed"
"1","4","1",12.3228626233677,TRUE
"2","1","5",14.2205633471222,TRUE
"3","5","2",8.3024197478731,TRUE
"4","2","3",30.1152275890028,TRUE
