"","from","to","length","directed"
"1","Y_166","Y_197",9.04003043437038,FALSE
"2","Y_84","Y_166",7.70499443185579,FALSE
"3","Y_84","Y_328",13.9490783240759,FALSE
"4","Y_197","Y_285",11.8635115375149,FALSE
"5","Y_7","Y_166",18.6540190385608,FALSE
"6","Y_4","Y_84",13.4689525249557,FALSE
"7","Y_92","Y_197",2.86909852067922,FALSE
