"","from","to","length","directed"
"1","1","8",0.345459491014481,TRUE
"2","2","1",0.122193969786167,TRUE
"3","1","3",0.0727779120206833,TRUE
"4","3","4",0.179049700498581,TRUE
"5","4","5",0.49379900097847,TRUE
"6","4","6",0.546164333820343,TRUE
"7","5","9",0.201473921537399,TRUE
"8","6","10",0.242856502532959,TRUE
"9","7","11",0.18164449930191,TRUE
"10","4","7",0.706989884376526,TRUE
