"","from","to","length","directed"
"1","3","1",11.1010576081659,TRUE
"2","1","5",9.31639889234077,TRUE
"3","5","2",9.54561398665364,TRUE
"4","2","8",16.5800047129843,TRUE
"5","8","7",11.1466310858512,TRUE
"6","2","4",14.2599241006646,TRUE
"7","4","9",18.0948188081334,TRUE
"8","2","6",14.2381873172538,TRUE
