"","from","to","length","directed"
"1","Y_12","Y_43",0.314104710990486,FALSE
"2","Y_43","Y_57",20.7723372988501,FALSE
"3","Y_18","Y_43",12.1530652906009,FALSE
"4","Y_88","Y_97",20.3774730545677,FALSE
