"","from","to","length","directed"
"1","1","6",0.0355783067643642,TRUE
"2","2","12",0.868479073047638,TRUE
"3","3","9",0.0255519151687622,TRUE
"4","4","2",0.0336334332823753,TRUE
"5","5","7",0.0247035697102547,TRUE
"6","6","8",0.0505077987909317,TRUE
"7","7","13",0.0227735564112663,TRUE
"8","8","5",0.0375034175813198,TRUE
"9","9","2",0.0204071849584579,TRUE
"10","6","4",0.0847822427749634,TRUE
"11","10","14",0,TRUE
"12","11","15",0,TRUE
