"","from","to","length","directed"
"1","1","4",0.0834824442863464,TRUE
"2","2","3",0.116983078420162,TRUE
"3","3","5",0.89113438129425,TRUE
