"","from","to","length","directed"
"1","2","5",15.5766245374278,TRUE
"2","5","1",19.9882946099263,TRUE
"3","1","3",13.2675089725855,TRUE
"4","3","4",14.0385346694555,TRUE
