"","from","to","length","directed"
"1","Y_3","Y_11",12.3009366166194,FALSE
"2","Y_39","Y_46",3.50402361318843,FALSE
"3","Y_38","Y_39",6.13836353611607,FALSE
"4","Y_37","Y_39",2.41111362901225,FALSE
"5","Y_64","Y_76",3.14455651610882,FALSE
"6","Y_88","Y_101",1.0952788290526,FALSE
"7","Y_84","Y_101",0.314669279642116,FALSE
"8","Y_87","Y_101",1.00963718305433,FALSE
