"","from","to","length","directed"
"1","Y_4","Y_6",0.249654852085143,FALSE
"2","Y_6","Y_74",4.97201960378301,FALSE
"3","Y_6","Y_37",8.58246451339405,FALSE
"4","Y_37","Y_59",7.22790422989962,FALSE
"5","Y_37","Y_87",10.8440525771908,FALSE
