"","from","to","length","directed"
"1","1","4",0.408266454935074,TRUE
"2","2","1",0.415838301181793,TRUE
"3","1","5",0.935131430625916,TRUE
"4","1","1-3a",0.266870111227036,TRUE
"5","1","3",0.414655864238739,TRUE
"6","1","1-5a",0.177486956119537,TRUE
"7","3","6",0.43620777130127,TRUE
"8","1-3a","1-3b",0.00436350984232766,TRUE
"9","1-3b","1",0.00436350984232766,TRUE
"10","1-5a","1-5b",0.00436350984232766,TRUE
"11","1-5b","1",0.00436350984232766,TRUE
