"","from","to","length","directed"
"1","1","2",0.259130924940109,TRUE
"2","2","8",0.191267907619476,TRUE
"3","3","5",0.222539946436882,TRUE
"4","4","3",0.306842476129532,TRUE
"5","5","1",0.0913762450218201,TRUE
"6","6","7",0.474861443042755,TRUE
"7","1","6",0.126801669597626,TRUE
"8","7","9",0.422091424465179,TRUE
