"","from","to","length","directed"
"1","1","2",0.221668154001236,TRUE
"2","2","5",0.618609309196472,TRUE
"3","3","6",0.654156446456909,TRUE
"4","4","2",0.464685916900635,TRUE
"5","2","3",0.54720938205719,TRUE
"6","2","1",0.117142342031002,TRUE
