"","from","to","length","directed"
"1","1","2",12.3633725280948,TRUE
"2","2","3",9.24541163390469,TRUE
"3","3","6",4.88884519575885,TRUE
"4","6","7",9.58951411190213,TRUE
"5","2","4",10.7805838849419,TRUE
"6","4","5",13.0377775868013,TRUE
