"","from","to","length","directed"
"1","3","2",24.7603533843877,TRUE
"2","2","6",9.47876158372735,TRUE
"3","6","5",15.4113370040753,TRUE
"4","5","1",14.9726900632957,TRUE
"5","1","4",33.1009322353128,TRUE
