"","from","to","length","directed"
"1","7","6",9.58951411190211,TRUE
"2","6","3",4.88884519575885,TRUE
"3","3","2",9.24541163390469,TRUE
"4","2","4",10.7805838849419,TRUE
"5","4","5",13.0377775868013,TRUE
"6","2","1",12.3633725280948,TRUE
