"","from","to","length","directed"
"1","1","4",6.27170306152911,TRUE
"2","4","2",6.10049139529264,TRUE
"3","4","3",4.62281373103223,TRUE
