"","from","to","length","directed"
"1","Y_51","Y_60",0.431563002441204,FALSE
"2","Y_1","Y_2",0.451590531786032,FALSE
"3","Y_2","Y_28",7.20327729996501,FALSE
"4","Y_24","Y_60",18.4351989220011,FALSE
"5","Y_2","Y_60",1.44266354818082,FALSE
"6","Y_63","Y_71",0.450776924675094,FALSE
"7","Y_68","Y_71",0.281194730936685,FALSE
"8","Y_64","Y_71",0.183992135009001,FALSE
