"","from","to","length","directed"
"1","1","7",0.136246263980865,TRUE
"2","2","9",0.161927342414856,TRUE
"3","3","4",0.107483386993408,TRUE
"4","4","1",0.107317864894867,TRUE
"5","5","6",0.31214702129364,TRUE
"6","6","3",0.136714935302734,TRUE
"7","7","2",0.116431355476379,TRUE
"8","8","5",0.140997186303139,TRUE
