"","from","to","length","directed"
"1","1","4",0.753120839595795,TRUE
"2","2","1",0.302972078323364,TRUE
"3","1","3",0.631093919277191,TRUE
"4","3","5",0.285221934318542,TRUE
