"","from","to","length","directed"
"1","5","2",19.7143455849605,TRUE
"2","2","1",10.8022980390019,TRUE
"3","1","4",16.8266755584045,TRUE
"4","4","3",17.1877359693135,TRUE
