"","from","to","length","directed"
"1","3","4",17.1877359693135,TRUE
"2","4","1",16.8266755584046,TRUE
"3","1","2",10.802298039002,TRUE
"4","2","5",19.7143455849604,TRUE
