"","from","to","length","directed"
"1","1","5",3.55599140679798,TRUE
"2","5","4",8.56395757896532,TRUE
"3","1","2",8.29046123179716,TRUE
"4","1","3",8.09646251082265,TRUE
