"","from","to","length","directed"
"1","4","5",8.56395757896532,TRUE
"2","5","1",3.55599140679798,TRUE
"3","1","2",8.29046123179711,TRUE
"4","1","3",8.09646251082262,TRUE
