"","from","to","length","directed"
"1","1","5",3.555991406798,TRUE
"2","5","4",8.56395757896533,TRUE
"3","1","2",8.29046123179715,TRUE
"4","1","3",8.09646251082262,TRUE
