"","from","to","length","directed"
"1","Y_1","Y_68",16.9707339753796,FALSE
"2","Y_1","Y_3",4.07214740749127,FALSE
"3","Y_3","Y_68",16.7511972462835,FALSE
"4","Y_1","Y_8",0.775637176858914,FALSE
"5","Y_46","Y_68",1.14660077350833,FALSE
