"","from","to","length","directed"
"1","1","3",0.371712327003479,TRUE
"2","2","1",0.665343821048737,TRUE
"3","1","4",0.415215253829956,TRUE
