"","from","to","length","directed"
"1","1","9",0.360350549221039,TRUE
"2","2","4",0.142300918698311,TRUE
"3","3","5",0.21682396531105,TRUE
"4","4","8",0.120037376880646,TRUE
"5","5","2",0.165184855461121,TRUE
"6","6","7",0.220075994729996,TRUE
"7","5","10",0.580530881881714,TRUE
"8","7","1",0.193017423152924,TRUE
"9","8","6",0.166450530290604,TRUE
