"","from","to","length","directed"
"1","2","4",15.244669764891,TRUE
"2","4","1",13.5104729068536,TRUE
"3","1","5",9.21636464611258,TRUE
"4","5","3",6.22247009575449,TRUE
