"","from","to","length","directed"
"1","5","1",9.21636464611259,TRUE
"2","1","4",13.5104729068536,TRUE
"3","4","2",15.2446697648909,TRUE
"4","5","3",6.22247009575449,TRUE
