"","from","to","length","directed"
"1","1","4",0.913371205329895,TRUE
"2","2","1",0.678065359592438,TRUE
"3","1","3",0.689743101596832,TRUE
"4","3","5",0.282083332538605,TRUE
"5","3","3-4a",0.473753869533539,TRUE
"6","3-4a","3-4b",0.00607403373718262,TRUE
"7","3-4b","3",0.00607403373718262,TRUE
