"","from","to","length","directed"
"1","1","6",0.158603131771088,TRUE
"2","2","1",0.539018034934998,TRUE
"3","3","2",0.36302125453949,TRUE
"4","4","5",0.550566792488098,TRUE
"5","5","3",0.545933604240417,TRUE
