"","from","to","length","directed"
"1","1","5",0.350734144449234,TRUE
"2","2","6",0.385291934013367,TRUE
"3","1","4",0.54657655954361,TRUE
"4","3","1",0.539605736732483,TRUE
"5","4","2",0.504344642162323,TRUE
