"","from","to","length","directed"
"1","1","3",13.080222690734,TRUE
"2","3","4",3.56051318281703,TRUE
"3","4","2",5.07730673454235,TRUE
