"","from","to","length","directed"
"1","1","2",21.9752284255868,TRUE
"2","2","4",8.24177201975644,TRUE
"3","4","3",7.81809550674419,TRUE
"4","4","5",3.05547547726683,TRUE
