"","from","to","length","directed"
"1","1","2",21.9752284255867,TRUE
"2","2","4",8.24177201975645,TRUE
"3","4","3",7.8180955067442,TRUE
"4","4","5",3.05547547726681,TRUE
