"","from","to","length","directed"
"1","Y_107","Y_111",0.114271057039247,FALSE
"2","Y_15","Y_168",7.53547794083232,FALSE
"3","Y_7","Y_15",0.291528805991733,FALSE
"4","Y_9","Y_15",0.562601951594842,FALSE
"5","Y_30","Y_83",11.91806597826,FALSE
"6","Y_30","Y_111",6.4973474267765,FALSE
"7","Y_30","Y_37",0.316567892520411,FALSE
"8","Y_60","Y_83",11.3888414240285,FALSE
"9","Y_83","Y_168",8.3470224948687,FALSE
"10","Y_111","Y_121",2.4970407621701,FALSE
"11","Y_127","Y_168",11.7589666317514,FALSE
