"","from","to","length","directed"
"1","1","2",0.0986468195915222,TRUE
"2","2","10",0.153694212436676,TRUE
"3","3","4",0.0499483942985535,TRUE
"4","4","5",0.0369913578033447,TRUE
"5","5","8",0.017634391784668,TRUE
"6","6","9",0.110568344593048,TRUE
"7","7","5",0.0168586373329163,TRUE
"8","8","1",0.0662709474563599,TRUE
"9","9","3",0.102263659238815,TRUE
