"","from","to","length","directed"
"1","1","2",0.0966119766235352,TRUE
"2","2","10",0.150410294532776,TRUE
"3","3","4",0.0485377013683319,TRUE
"4","4","5",0.0370168089866638,TRUE
"5","5","8",0.016711950302124,TRUE
"6","6","9",0.127325356006622,TRUE
"7","7","5",0.0163570642471313,TRUE
"8","8","1",0.0648623108863831,TRUE
"9","9","3",0.100879579782486,TRUE
