"","from","to","length","directed"
"1","1","3",42.5397281341752,TRUE
"2","3","6",36.1157948030947,TRUE
"3","6","4",37.9668300520103,TRUE
"4","6","5",30.8131009281309,TRUE
"5","3","7",31.2095983072268,TRUE
"6","7","8",35.7509283303992,TRUE
"7","3","2",8.9525838479107,TRUE
"8","3","9",33.9513525270445,TRUE
