"","from","to","length","directed"
"1","8","7",35.7509283303995,TRUE
"2","7","3",31.2095983072269,TRUE
"3","3","6",36.1157948030948,TRUE
"4","6","4",37.9668300520106,TRUE
"5","6","5",30.8131009281308,TRUE
"6","3","1",42.539728134175,TRUE
"7","3","2",8.95258384791068,TRUE
"8","3","9",33.9513525270445,TRUE
