"","from","to","length","directed"
"1","1","6",0.110821731388569,TRUE
"2","2","1",0.0588673166930676,TRUE
"3","1","3",0.0410642251372337,TRUE
"4","3","4",0.166832491755486,TRUE
"5","3","5",0.133352696895599,TRUE
"6","4","7",0.592676401138306,TRUE
"7","5","8",0.831797957420349,TRUE
