"","from","to","length","directed"
"1","1","6",0.0362913310527802,TRUE
"2","1","5",0.0142541974782944,TRUE
"3","2","4",0.087280347943306,TRUE
"4","3","1",0.0145594924688339,TRUE
"5","4","3",0.044854000210762,TRUE
"6","5","7",0.224480122327805,TRUE
"7","6","11",0.301995694637299,TRUE
"8","7","10",0.34349325299263,TRUE
"9","8","12",0.229408860206604,TRUE
"10","9","2",0.0248033087700605,TRUE
"11","10","13",0.0791852474212646,TRUE
"12","11","8",0.233763754367828,TRUE
