"","from","to","length","directed"
"1","6","8",9.68388175812711,TRUE
"2","8","7",15.2296878230063,TRUE
"3","7","3",16.3003386690604,TRUE
"4","3","5",14.4278495984693,TRUE
"5","5","1",8.16215009239566,TRUE
"6","1","2",17.6550459318552,TRUE
"7","2","9",25.3745616612557,TRUE
"8","5","4",16.3942866538697,TRUE
