"","from","to","length","directed"
"1","4","5",16.3942866538697,TRUE
"2","5","3",14.4278495984693,TRUE
"3","3","7",16.3003386690604,TRUE
"4","7","8",15.2296878230063,TRUE
"5","8","6",9.683881758128,TRUE
"6","5","1",8.16215009239567,TRUE
"7","1","2",17.6550459318552,TRUE
"8","2","9",25.3745616612564,TRUE
