"","from","to","length","directed"
"1","1","5",0.252250701189041,TRUE
"2","2","4",0.302074491977692,TRUE
"3","3","6",0.850941717624664,TRUE
"4","4","3",0.257576704025269,TRUE
"5","5","2",0.148667842149734,TRUE
