"","from","to","length","directed"
"1","1","3",0.950465083122253,TRUE
"2","2","4",0.790341854095459,TRUE
"3","3","2",0.886471629142761,TRUE
