"","from","to","length","directed"
"1","1","6",0.258148372173309,TRUE
"2","2","5",0.193943202495575,TRUE
"3","3","4",0.839426457881927,TRUE
"4","4","2",0.301293075084686,TRUE
"5","5","1",0.102264583110809,TRUE
