"","from","to","length","directed"
"1","3","4",6.48874012285389,TRUE
"2","4","2",4.14993478490486,TRUE
"3","2","1",5.27209195655883,TRUE
