"","from","to","length","directed"
"1","1","2",5.27209195655882,TRUE
"2","2","4",4.14993478490487,TRUE
"3","4","3",6.4887401228539,TRUE
