"","from","to","length","directed"
"1","Y_1","Y_33",11.1290068739232,FALSE
"2","Y_33","Y_39",5.82769616353388,FALSE
"3","Y_13","Y_33",2.77510755396451,FALSE
"4","Y_47","Y_54",12.3243254722816,FALSE
"5","Y_89","Y_97",14.7047169686172,FALSE
"6","Y_89","Y_105",5.85481088895611,FALSE
"7","Y_82","Y_89",1.83827504068783,FALSE
"8","Y_110","Y_120",9.71797063481453,FALSE
"9","Y_133","Y_146",0.467208649064738,FALSE
"10","Y_160","Y_165",0.267852676437214,FALSE
"11","Y_175","Y_193",0.423285972580826,FALSE
