"","from","to","length","directed"
"1","1","7",0.176268070936203,TRUE
"2","2","1",0.0198629125952721,TRUE
"3","1","3",0.0128144258633256,TRUE
"4","3","3-sCmida",0.0177576038986444,TRUE
"5","3","4",0.978936791419983,TRUE
"6","3","5",0.0105754509568214,TRUE
"7","4","8",0.690554559230804,TRUE
"8","5","9",0.198750466108322,TRUE
"9","3","10",0.00590352155268192,TRUE
"10","6","3",0.010238578543067,TRUE
"11","3-sCmida","3-sCmidb",0.00212166238110512,TRUE
"12","3-sCmidb","3",0.00212166238110512,TRUE
