"","from","to","length","directed"
"1","10","6",14.8956221220585,TRUE
"2","6","9",8.61745540784644,TRUE
"3","9","4",8.73145189340977,TRUE
"4","4","8",6.7162204501029,TRUE
"5","8","1",16.9640032271097,TRUE
"6","1","2",25.4819787942838,TRUE
"7","2","7",31.968925561874,TRUE
"8","7","5",17.3443108532112,TRUE
"9","1","3",22.7176741338993,TRUE
