"","from","to","length","directed"
"1","Y_2","Y_33",16.3553890955196,FALSE
"2","Y_44","Y_47",5.06411907040856,FALSE
"3","Y_33","Y_47",1.9634509996127,FALSE
"4","Y_33","Y_37",1.83858186577418,FALSE
"5","Y_47","Y_58",1.82925251287149,FALSE
