"","from","to","length","directed"
"1","1","7",0.201610386371613,TRUE
"2","2","7",0.129967451095581,TRUE
"3","3","6",0.207618296146393,TRUE
"4","4","5",0.203715682029724,TRUE
"5","5","2",0.174325287342072,TRUE
"6","6","4",0.274558246135712,TRUE
"7","7","9",0.0875982046127319,TRUE
"8","8","3",0.730351507663727,TRUE
