"","from","to","length","directed"
"1","1","7",0.184998989105225,TRUE
"2","2","7",0.119462490081787,TRUE
"3","3","6",0.192523658275604,TRUE
"4","4","5",0.184903621673584,TRUE
"5","5","2",0.160818219184875,TRUE
"6","6","4",0.253406643867493,TRUE
"7","7","9",0.0786584615707397,TRUE
"8","8","3",0.753837108612061,TRUE
