"","from","to","length","directed"
"1","1","2",0.320026516914368,TRUE
"2","2","5",0.211790263652802,TRUE
"3","3","3-Neuroblast_1a",0.605063080787659,TRUE
"4","3","1",0.524958491325378,TRUE
"5","4","3",0.709533452987671,TRUE
"6","3-Neuroblast_1a","3-Neuroblast_1b",0.00474274361133575,TRUE
"7","3-Neuroblast_1b","3",0.00474274361133575,TRUE
