"","from","to","length","directed"
"1","1","2",10.5483888349096,TRUE
"2","2","4",7.83999117230525,TRUE
"3","4","3",5.27743972230357,TRUE
