"","from","to","length","directed"
"1","Y_7","Y_18",0.691757287975623,FALSE
"2","Y_7","Y_16",0.654187100519796,FALSE
"3","Y_7","Y_8",10.6452277208569,FALSE
"4","Y_16","Y_18",6.16816903893423,FALSE
