"","from","to","length","directed"
"1","1","3",0.175627753138542,TRUE
"2","2","5",0.138643771409988,TRUE
"3","2","6",0.132223933935165,TRUE
"4","2","7",0.217158854007721,TRUE
"5","3","2",0.138474464416504,TRUE
"6","3","8",0.141358822584152,TRUE
"7","4","1",0.357446491718292,TRUE
"8","1","9",0.829342246055603,TRUE
