"","from","to","length","directed"
"1","1","3",0.219706669449806,TRUE
"2","2","5",0.15579617023468,TRUE
"3","2","6",0.140195891261101,TRUE
"4","2","7",0.269568800926208,TRUE
"5","3","2",0.14710521697998,TRUE
"6","3","8",0.131216645240784,TRUE
"7","3","4",0.345674633979797,TRUE
"8","4","9",0.833569407463074,TRUE
