"","from","to","length","directed"
"1","5","3",4.46138550905928,TRUE
"2","3","1",2.98717861894303,TRUE
"3","5","4",7.26893136301943,TRUE
"4","4","2",3.13409189606279,TRUE
