"","from","to","length","directed"
"1","1","3",2.98717861894301,TRUE
"2","3","5",4.46138550905928,TRUE
"3","5","4",7.26893136301941,TRUE
"4","4","2",3.13409189606281,TRUE
