"","from","to","length","directed"
"1","Y_7","Y_37",0.373308895414147,FALSE
"2","Y_3","Y_7",0.324895869323824,FALSE
"3","Y_3","Y_37",5.79707104638509,FALSE
"4","Y_7","Y_20",1.61622874935165,FALSE
"5","Y_20","Y_35",3.57832512024333,FALSE
"6","Y_9","Y_20",1.21354340320662,FALSE
"7","Y_9","Y_35",0.891899279436915,FALSE
"8","Y_25","Y_35",6.28110125945573,FALSE
"9","Y_55","Y_62",3.00566227566813,FALSE
