"","from","to","length","directed"
"1","1","6",0.355072557926178,TRUE
"2","2","4",0.373612403869629,TRUE
"3","3","7",0.138345837593079,TRUE
"4","4","5",0.677915155887604,TRUE
"5","5","1",0.513461589813232,TRUE
"6","5","3",0.369310408830643,TRUE
