"","from","to","length","directed"
"1","1","5",0.408686965703964,TRUE
"2","2","6",0.713941037654877,TRUE
"3","3","7",0.225735768675804,TRUE
"4","3","2",0.775906264781952,TRUE
"5","2","1",0.615744054317474,TRUE
"6","4","3",0.274321049451828,TRUE
