"","from","to","length","directed"
"1","1","1-0a",0.242743998765945,TRUE
"2","2","1",0.343857288360596,TRUE
"3","1","1-2a",0.58147919178009,TRUE
"4","1","3",0.840292990207672,TRUE
"5","1","1-4a",0.638241946697235,TRUE
"6","1-0a","1-0b",0.00529323083162308,TRUE
"7","1-0b","1",0.00529323083162308,TRUE
"8","1-2a","1-2b",0.00529323083162308,TRUE
"9","1-2b","1",0.00529323083162308,TRUE
"10","1-4a","1-4b",0.00529323083162308,TRUE
"11","1-4b","1",0.00529323083162308,TRUE
