"","from","to","length","directed"
"1","1","4",0.19705656170845,TRUE
"2","2","5",0.585851073265076,TRUE
"3","3","2",0.299659162759781,TRUE
"4","4","3",0.21150766313076,TRUE
"5","5","6",0.768077790737152,TRUE
