"","from","to","length","directed"
"1","5","1",9.97559741443965,TRUE
"2","1","2",12.6486851643025,TRUE
"3","2","3",21.0116820098432,TRUE
"4","2","4",10.7832358872703,TRUE
