"","from","to","length","directed"
"1","1","3",4.87658638465402,TRUE
"2","3","5",9.29984498686111,TRUE
"3","5","4",9.47762181850853,TRUE
"4","1","2",4.21403899786755,TRUE
