"","from","to","length","directed"
"1","2","1",4.21403899786755,TRUE
"2","1","3",4.87658638465402,TRUE
"3","3","5",9.2998449868611,TRUE
"4","5","4",9.47762181850854,TRUE
