"","from","to","length","directed"
"1","1","2",0.318241089582443,TRUE
"2","2","3",0.516652405261993,TRUE
"3","3","4",0.463216006755829,TRUE
"4","4","5",0.132448852062225,TRUE
"5","5","6",0.119971394538879,TRUE
