"","from","to","length","directed"
"1","Y_4","Y_18",1.86331039747366,FALSE
"2","Y_1","Y_18",10.858291297291,FALSE
"3","Y_18","Y_34",5.35961235727541,FALSE
"4","Y_47","Y_53",5.04789929424765,FALSE
