"","from","to","length","directed"
"1","Y_67","Y_71",0.185514749824813,FALSE
"2","Y_3","Y_6",0.192512010925959,FALSE
"3","Y_6","Y_38",2.85214632965681,FALSE
"4","Y_6","Y_25",7.43446658444805,FALSE
"5","Y_25","Y_77",7.49166795071309,FALSE
"6","Y_25","Y_53",16.4062726205211,FALSE
"7","Y_67","Y_77",8.6653755228262,FALSE
"8","Y_67","Y_108",2.15811922234315,FALSE
"9","Y_75","Y_77",0.439618900439536,FALSE
