"","from","to","length","directed"
"1","1","4",0.389486819505692,TRUE
"2","2","1",0.306596636772156,TRUE
"3","1","3",0.394165962934494,TRUE
"4","3","5",0.439885020256042,TRUE
"5","3","6",0.22230663895607,TRUE
"6","3","7",0.72357714176178,TRUE
"7","3","3-6a",0.168421506881714,TRUE
"8","3-6a","3-6b",0.0037777710386685,TRUE
"9","3-6b","3",0.0037777710386685,TRUE
