"","from","to","length","directed"
"1","1","5",0.284184247255325,TRUE
"2","2","1",0.127093553543091,TRUE
"3","3","2",0.232216969132423,TRUE
"4","4","3",0.301003694534302,TRUE
"5","1","6",0.0874735713005066,TRUE
"6","1","7",0.175407022237778,TRUE
"7","1","8",0.225622057914734,TRUE
"8","5","9",0.269041001796722,TRUE
