"","from","to","length","directed"
"1","1","1-0a",0.224384784698486,TRUE
"2","1","4",0.528104901313782,TRUE
"3","2","5",0.332921743392944,TRUE
"4","3","1",0.637140929698944,TRUE
"5","1","6",0.896157681941986,TRUE
"6","1","2",0.758120536804199,TRUE
"7","1-0a","1-0b",0.0056280509630839,TRUE
"8","1-0b","1",0.0056280509630839,TRUE
