"","from","to","length","directed"
"1","1","2",9.71349612591674,TRUE
"2","2","3",9.6541214997925,TRUE
"3","3","4",26.4273564840782,TRUE
"4","2","5",20.1834419878103,TRUE
