"","from","to","length","directed"
"1","3","6",13.7259843388508,TRUE
"2","6","4",10.3233649163395,TRUE
"3","4","1",17.5357951450279,TRUE
"4","1","5",10.8044390904925,TRUE
"5","4","2",17.5798494211969,TRUE
