"","from","to","length","directed"
"1","4","3",26.4273564840781,TRUE
"2","3","2",9.6541214997925,TRUE
"3","2","1",9.71349612591673,TRUE
"4","2","5",20.1834419878103,TRUE
