"","from","to","length","directed"
"1","Y_16","Y_24",0.463436733731402,FALSE
"2","Y_31","Y_77",18.324098618168,FALSE
"3","Y_16","Y_31",11.0199689763893,FALSE
"4","Y_5","Y_16",0.741306223687668,FALSE
"5","Y_22","Y_24",0.963691870481728,FALSE
"6","Y_24","Y_30",1.09767359646955,FALSE
"7","Y_31","Y_51",3.48596290434236,FALSE
