"","from","to","length","directed"
"1","1","5",0.204932749271393,TRUE
"2","2","6",0.285163402557373,TRUE
"3","3","2",0.142999410629272,TRUE
"4","4","3",0.345405459403992,TRUE
"5","3","7",0.31901091337204,TRUE
"6","5","4",0.0713484287261963,TRUE
