"","from","to","length","directed"
"1","1","5",0.255278825759888,TRUE
"2","2","6",0.271730303764343,TRUE
"3","3","2",0.135174781084061,TRUE
"4","4","3",0.351010501384735,TRUE
"5","3","7",0.302386820316315,TRUE
"6","5","4",0.0662265419960022,TRUE
