"","from","to","length","directed"
"1","2","1",16.5671231096591,TRUE
"2","1","3",4.10113317745108,TRUE
"3","3","5",19.7769984520752,TRUE
"4","1","4",12.2158145960562,TRUE
