"","from","to","length","directed"
"1","5","3",19.776998452075,TRUE
"2","3","1",4.10113317745105,TRUE
"3","1","2",16.567123109659,TRUE
"4","1","4",12.2158145960562,TRUE
