"","from","to","length","directed"
"1","1","4",0.194053217768669,TRUE
"2","2","1",0.306112736463547,TRUE
"3","1","3",0.746943771839142,TRUE
"4","3","5",0.295854330062866,TRUE
