"","from","to","length","directed"
"1","1","9",0.22635543346405,TRUE
"2","2","6",0.0855042338371277,TRUE
"3","3","7",0.174453273415565,TRUE
"4","4","5",0.110685288906097,TRUE
"5","5","2",0.0769213438034058,TRUE
"6","6","1",0.382233679294586,TRUE
"7","7","8",0.103588737547398,TRUE
"8","8","4",0.193172410130501,TRUE
"9","6","10",0.0142792463302612,TRUE
