"","from","to","length","directed"
"1","2","1",11.1301775184763,TRUE
"2","1","3",10.964248982975,TRUE
"3","3","4",21.9315922874575,TRUE
