"","from","to","length","directed"
"1","Y_59","Y_61",16.3398077691893,FALSE
"2","Y_44","Y_61",11.0319940398478,FALSE
"3","Y_5","Y_61",1.02154710197065,FALSE
"4","Y_81","Y_95",10.0847255332508,FALSE
