"","from","to","length","directed"
"1","1","7",0.134394690394402,TRUE
"2","2","12",0.287943303585052,TRUE
"3","3","6",0.201883316040039,TRUE
"4","4","1",0.178331941366196,TRUE
"5","5","9",0.219828397035599,TRUE
"6","6","11",0.0993121862411499,TRUE
"7","7","3",0.0446496605873108,TRUE
"8","8","13",0.113962650299072,TRUE
"9","9","2",0.303033113479614,TRUE
"10","3","5",0.0907937586307526,TRUE
"11","10","4",0.0726405531167984,TRUE
"12","11","8",0.131033658981323,TRUE
