"","from","to","length","directed"
"1","1","6",0.23389695584774,TRUE
"2","2","1",0.169742971658707,TRUE
"3","1","3",0.256744712591171,TRUE
"4","3","4",0.788088142871857,TRUE
"5","3","5",0.351904660463333,TRUE
"6","4","7",0.355816543102264,TRUE
"7","5","8",0.175695389509201,TRUE
