"","from","to","length","directed"
"1","3","5",15.1583322806966,TRUE
"2","5","1",9.31924675141839,TRUE
"3","1","2",13.5310797300508,TRUE
"4","2","4",9.17732722438647,TRUE
"5","1","6",10.4171744315235,TRUE
