"","from","to","length","directed"
"1","6","1",10.4171744315235,TRUE
"2","1","5",9.31924675141838,TRUE
"3","5","3",15.1583322806965,TRUE
"4","1","2",13.5310797300508,TRUE
"5","2","4",9.1773272243864,TRUE
