"","from","to","length","directed"
"1","1","6",0.105412900447845,TRUE
"2","2","4",0.174117594957352,TRUE
"3","3","7",0.0519045889377594,TRUE
"4","4","6",0.0464891642332077,TRUE
"5","4","8",0.200613617897034,TRUE
"6","5","1",0.112106621265411,TRUE
"7","6","3",0.0410417765378952,TRUE
