"","from","to","length","directed"
"1","1","6",0.112064510583878,TRUE
"2","2","4",0.187089487910271,TRUE
"3","3","7",0.0619430989027023,TRUE
"4","4","6",0.050258681178093,TRUE
"5","4","8",0.204155147075653,TRUE
"6","5","1",0.0808843597769737,TRUE
"7","6","3",0.0486920773983002,TRUE
