"","from","to","length","directed"
"1","5","4",12.0961192463552,TRUE
"2","4","2",16.3386859192723,TRUE
"3","2","1",2.73335808180492,TRUE
"4","2","3",22.2357003840779,TRUE
