"","from","to","length","directed"
"1","4","2",16.3386859192721,TRUE
"2","2","1",2.73335808180494,TRUE
"3","2","3",22.2357003840783,TRUE
"4","4","5",12.0961192463552,TRUE
