"","from","to","length","directed"
"1","1","2",2.73335808180494,TRUE
"2","2","4",16.3386859192722,TRUE
"3","4","5",12.0961192463553,TRUE
"4","2","3",22.2357003840781,TRUE
